grid_id,row,col,candidate_score,demand,suitability,grid_capacity,remaining_capacity_mw,grid_risk,existing_supply
46653,182,61,0.9350478649139404,0.9141870737075806,1.0,0.9036453366279602,2.7494781017303467,0.09849132597446442,0.0
18244,71,68,0.932718813419342,0.9099966883659363,1.0,0.9180386662483215,2.786900520324707,0.08248604089021683,0.05714285746216774
50580,197,148,0.917604923248291,0.9205617308616638,1.0,0.8364719748497009,2.574827194213867,0.18016302585601807,0.0
18245,71,69,0.9064833521842957,0.8409687876701355,1.0,0.9193045496940613,2.790192127227783,0.08179430663585663,0.0
62801,245,81,0.8978433609008789,0.8189793825149536,0.9700000882148743,0.9458222389221191,2.859138011932373,0.054640062153339386,0.0
30061,117,109,0.8969159126281738,0.894506573677063,1.0,0.8049238920211792,2.492802143096924,0.21468611061573029,0.0
40560,158,112,0.8955756425857544,0.9435549974441528,1.0,0.7116206288337708,2.250213384628296,0.2961235046386719,0.0
19029,74,85,0.88907790184021,0.8061599731445312,1.0,0.9136468768119812,2.775481939315796,0.08887796103954315,0.0
32624,127,112,0.8888629674911499,0.9021145701408386,1.0,0.7663639187812805,2.3925464153289795,0.26034826040267944,0.0
41852,163,124,0.8843106627464294,0.9131375551223755,1.0,0.7200160622596741,2.2720417976379395,0.2866877615451813,0.0
63001,246,25,0.881361186504364,0.9057883024215698,0.6975000500679016,0.9449470639228821,2.8568623065948486,0.060914456844329834,0.0
43596,170,76,0.8775344491004944,0.8895198106765747,0.7150000333786011,0.9443108439445496,2.855208396911621,0.06044544279575348,0.0
28294,110,134,0.8678753972053528,0.9513880014419556,1.0,0.5920608639717102,1.9393579959869385,0.4086431860923767,0.0
50266,196,90,0.8645169138908386,0.9174875617027283,0.7150000333786011,0.8525559902191162,2.616645336151123,0.1577281653881073,0.0
23653,92,101,0.8607439398765564,0.8750728964805603,0.70250004529953,0.9165863990783691,2.7831249237060547,0.09019457548856735,0.0
35947,140,107,0.8602659106254578,0.8156603574752808,1.0,0.7940204739570618,2.4644534587860107,0.21375809609889984,0.0
37957,148,69,0.8573916554450989,0.8509053587913513,0.6950000524520874,0.9484150409698486,2.8658790588378906,0.055503688752651215,0.0
43857,171,81,0.8544231057167053,0.8575208187103271,0.7150000333786011,0.9123889803886414,2.7722113132476807,0.09298636019229889,0.0
31085,121,109,0.8543693423271179,0.820081889629364,1.0,0.7743790745735168,2.4133858680725098,0.25061988830566406,0.0
43080,168,72,0.8534365296363831,0.8337312340736389,0.6975000500679016,0.9604530334472656,2.8971779346466064,0.0433126799762249,0.0
49220,192,68,0.8534123301506042,0.8410322666168213,1.0,0.7291592359542847,2.295814037322998,0.2836751639842987,0.0
48965,191,69,0.8533889651298523,0.8348832130432129,1.0,0.7386847138404846,2.320580244064331,0.27300402522087097,0.0
41788,163,60,0.851699709892273,0.8294832706451416,0.6950000524520874,0.9619945287704468,2.901185989379883,0.04004736244678497,0.0
62768,245,48,0.8499504923820496,0.8318188786506653,0.6950000524520874,0.9502494931221008,2.8706488609313965,0.04931950941681862,0.0
24973,97,141,0.8499310612678528,0.8925914764404297,0.6975000500679016,0.8499745726585388,2.609933853149414,0.15488030016422272,0.0
50244,196,68,0.8485749959945679,0.8578233122825623,1.0,0.6708970665931702,2.1443324089050293,0.3196873664855957,0.0
49563,193,155,0.848066508769989,0.9394012689590454,1.0,0.5268489718437195,1.76980721950531,0.45257270336151123,0.0
20058,78,90,0.8477442860603333,0.7138133645057678,1.0,0.9352412223815918,2.831627130508423,0.06657566130161285,0.0714285746216774
14643,57,51,0.8474152684211731,0.8271484971046448,0.6975000500679016,0.9490063190460205,2.8674163818359375,0.05454864725470543,0.0
13091,51,35,0.8470843434333801,0.8154338002204895,0.6975000500679016,0.965894341468811,2.911325216293335,0.03512115404009819,0.0
46912,183,64,0.8463771343231201,0.8635014295578003,0.7150000333786011,0.8700311779975891,2.662081003189087,0.13068172335624695,0.0
42323,165,83,0.8414444327354431,0.8262729048728943,0.7150000333786011,0.9199578166007996,2.7918903827667236,0.0918225646018982,0.0
33141,129,117,0.8413003087043762,0.8556640148162842,1.0,0.6653857231140137,2.130002737045288,0.35729843378067017,0.0
37506,146,130,0.8405751585960388,0.8417150378227234,1.0,0.6927879452705383,2.20124888420105,0.3422074615955353,0.0
42338,165,98,0.8397424817085266,0.815691351890564,1.0,0.7203155755996704,2.272820234298706,0.2917100489139557,0.0
21344,83,96,0.8371862173080444,0.8004035949707031,0.6975000500679016,0.9559172987937927,2.885385274887085,0.04803648963570595,0.0
42613,166,117,0.837080180644989,0.7786493897438049,1.0,0.7718465924263,2.406801223754883,0.23955702781677246,0.0
55365,216,69,0.8357701301574707,0.7963900566101074,0.6950000524520874,0.9586076140403748,2.8923799991607666,0.04425553232431412,0.0
14644,57,52,0.8357117176055908,0.8006473779678345,0.6975000500679016,0.9498628377914429,2.869643449783325,0.05375400185585022,0.0
64305,251,49,0.8334371447563171,0.7997201085090637,0.6950000524520874,0.9427772760391235,2.8512208461761475,0.0571342334151268,0.0
27998,109,94,0.8314875364303589,0.9168367385864258,0.6975000500679016,0.7887248992919922,2.4506850242614746,0.22538280487060547,0.1428571492433548
25699,100,99,0.8298628926277161,0.839782178401947,0.6850000619888306,0.877596914768219,2.6817519664764404,0.13567161560058594,0.0
32862,128,94,0.8290033340454102,0.7714791893959045,1.0,0.7577706575393677,2.370203733444214,0.2606317102909088,0.0
32611,127,99,0.8287279009819031,0.8565831184387207,1.0,0.6004489660263062,1.9611672163009644,0.3919220566749573,0.0
55107,215,67,0.8286583423614502,0.7711647152900696,0.7150000333786011,0.9593201279640198,2.8942322731018066,0.04322770610451698,0.0
43880,171,104,0.8272022604942322,0.8591654300689697,0.6975000500679016,0.8268774747848511,2.5498812198638916,0.18764930963516235,0.0
46174,180,94,0.8268722891807556,0.8424996733665466,0.7075000405311584,0.840753436088562,2.58595871925354,0.16428670287132263,0.0
28273,110,113,0.8267067670822144,0.8881489634513855,0.6850000619888306,0.7886940836906433,2.4506046772003174,0.23069052398204803,0.0
33374,130,94,0.8265036940574646,0.7550698518753052,1.0,0.7737869024276733,2.411846160888672,0.2408812940120697,0.0
28765,112,93,0.8259262442588806,0.8765236139297485,0.7075000405311584,0.7864322662353516,2.4447240829467773,0.2292083352804184,0.0
30298,118,90,0.825371503829956,0.8920553922653198,0.7150000333786011,0.7510946393013,2.3528459072113037,0.2612314820289612,0.0
38217,149,73,0.8244354128837585,0.8140737414360046,0.6050000190734863,0.9545073509216309,2.8817193508148193,0.049590833485126495,0.0
30550,119,86,0.8239877820014954,0.9029337167739868,0.7150000333786011,0.7269575595855713,2.2900896072387695,0.283782035112381,0.0
29769,116,73,0.8238600492477417,0.8986197710037231,0.7150000333786011,0.7287426590919495,2.2947309017181396,0.27311965823173523,0.0
49982,195,62,0.8231000900268555,0.8673725128173828,0.7150000333786011,0.7798381447792053,2.427578926086426,0.22532027959823608,0.0
59168,231,32,0.820986270904541,0.7883655428886414,0.6950000524520874,0.9186854362487793,2.7885820865631104,0.08680322021245956,0.0
39812,155,132,0.8205241560935974,0.9132909774780273,0.6975000500679016,0.719816267490387,2.2715225219726562,0.308898389339447,0.0
31316,122,84,0.8199760913848877,0.8980406522750854,0.7150000333786011,0.7207337021827698,2.273907423019409,0.2908684313297272,0.0
22163,86,147,0.8196079134941101,0.7847166657447815,0.6775000095367432,0.9310561418533325,2.8207461833953857,0.07160815596580505,0.0
58431,228,63,0.8191542029380798,0.7490037679672241,0.6850000619888306,0.9824461340904236,2.954360008239746,0.018606621772050858,0.0
26274,102,162,0.8177706599235535,0.9515568614006042,1.0,0.4054289758205414,1.4541155099868774,0.5938758850097656,0.0
18773,73,85,0.8166593909263611,0.7779538631439209,0.6975000500679016,0.9164977669715881,2.7828943729400635,0.0859975665807724,0.0
18311,71,135,0.8162749409675598,0.7870253324508667,0.6250000596046448,0.9508382081985474,2.8721795082092285,0.0465800017118454,0.0
15194,59,90,0.816164493560791,0.745518684387207,0.7150000333786011,0.9550740718841553,2.883192777633667,0.04618550464510918,0.0
19036,74,92,0.8157359957695007,0.7624256610870361,0.6950000524520874,0.9411277770996094,2.8469321727752686,0.061939120292663574,0.0
46243,180,163,0.8147492408752441,0.9350597858428955,0.987500011920929,0.4369242489337921,1.5360031127929688,0.5730569958686829,0.0
57903,226,47,0.814414918422699,0.7348731756210327,0.6850000619888306,0.9882951974868774,2.96956729888916,0.01248952466994524,0.0
45255,176,199,0.8134796023368835,0.8470482230186462,0.6975000500679016,0.7919931411743164,2.4591822624206543,0.21487551927566528,0.0
48280,188,152,0.8124305009841919,0.8946636915206909,0.7150000333786011,0.7056961059570312,2.2348098754882812,0.31901082396507263,0.0
28792,112,120,0.8108692765235901,0.879127025604248,0.6975000500679016,0.736832857131958,2.315765619277954,0.2843851149082184,0.0
34640,135,80,0.8099673390388489,0.7907763719558716,0.7150000333786011,0.8624244332313538,2.642303705215454,0.14915303885936737,0.0
45730,178,162,0.8082069158554077,0.9210774302482605,1.0,0.42912614345550537,1.5157281160354614,0.5851536989212036,0.0
38769,151,113,0.8081823587417603,0.9173467755317688,0.6975000500679016,0.6559702157974243,2.105522871017456,0.3522671163082123,0.0
35951,140,111,0.8076171278953552,0.8498152494430542,0.7075000405311584,0.7650918364524841,2.3892388343811035,0.25407135486602783,0.0
26714,104,90,0.8076066970825195,0.8408795595169067,0.7150000333786011,0.760899543762207,2.378338575363159,0.23398010432720184,0.0
43872,171,96,0.8071388006210327,0.8713974356651306,0.6975000500679016,0.7282251119613647,2.2933855056762695,0.2791804075241089,0.0
42344,165,104,0.8061925768852234,0.8223912715911865,0.7150000333786011,0.7974908947944641,2.4734764099121094,0.2172156572341919,0.0
27292,106,156,0.8057579398155212,0.8522399067878723,1.0,0.5289341807365417,1.7752289772033691,0.4748137593269348,0.0
51348,200,148,0.8036819100379944,0.7609817385673523,0.7150000333786011,0.8903203010559082,2.7148327827453613,0.12398878484964371,0.0
39790,155,110,0.803297221660614,0.879849374294281,0.6975000500679016,0.6968085765838623,2.211702346801758,0.3050133287906647,0.0
42068,164,84,0.803234338760376,0.7457524538040161,0.7150000333786011,0.9136805534362793,2.7755696773529053,0.09997272491455078,0.0
39799,155,119,0.8023219108581543,0.8850844502449036,0.6975000500679016,0.697680652141571,2.2139697074890137,0.32791832089424133,0.0
36455,142,103,0.8001229166984558,0.7933494448661804,0.7075000405311584,0.8258112668991089,2.547109603881836,0.1832113415002823,0.0
12578,49,34,0.799708366394043,0.707727313041687,0.6975000500679016,0.96971195936203,2.9212512969970703,0.03089551068842411,0.0
29000,113,72,0.7995001673698425,0.8155397176742554,0.7150000333786011,0.7808833122253418,2.4302966594696045,0.227990984916687,0.0
15195,59,91,0.7986749410629272,0.7080549597740173,0.7150000333786011,0.9526054859161377,2.876774311065674,0.04841630533337593,0.0
49984,195,64,0.7979161739349365,0.8731222152709961,0.6975000500679016,0.7288126945495605,2.2949130535125732,0.2701188027858734,0.1428571492433548
37762,147,130,0.7977843284606934,0.7442282438278198,1.0,0.6946980357170105,2.206214666366577,0.33654749393463135,0.0
57902,226,46,0.7971099615097046,0.6942962408065796,0.690000057220459,0.9881381392478943,2.9691591262817383,0.012666023336350918,0.0
12059,47,27,0.7956350445747375,0.7059028148651123,0.6675000190734863,0.9798076152801514,2.9474997520446777,0.020654229447245598,0.0
39797,155,117,0.795185923576355,0.8683128356933594,0.7150000333786011,0.6820470094680786,2.1733219623565674,0.3360031545162201,0.0
63768,249,24,0.7950066328048706,0.7455160617828369,0.6125000715255737,0.9534480571746826,2.878964900970459,0.049262214452028275,0.0
33649,131,113,0.7944348454475403,0.8123583197593689,0.7150000333786011,0.7756763696670532,2.4167587757110596,0.24805042147636414,0.0
43327,169,63,0.793584942817688,0.6984214782714844,0.6975000500679016,0.9631789922714233,2.9042654037475586,0.03857433423399925,0.0
12253,47,221,0.7933306097984314,0.843377947807312,0.4124999940395355,0.93067467212677,2.8197543621063232,0.06913620978593826,0.0
44883,175,83,0.7932550311088562,0.7389837503433228,0.6950000524520874,0.897040605545044,2.7323057651519775,0.10621678084135056,0.0
27524,107,132,0.7912615537643433,0.9078121781349182,0.6850000619888306,0.6141393184661865,1.9967622756958008,0.3863374888896942,0.0
64088,250,88,0.79023677110672,0.6808750629425049,0.7150000333786011,0.9668617248535156,2.9138407707214355,0.034536004066467285,0.0
23836,93,28,0.78871089220047,0.8511548638343811,0.4124999940395355,0.9029055833816528,2.7475547790527344,0.10105015337467194,0.0
32615,127,103,0.7878634929656982,0.8977461457252502,1.0,0.5290451645851135,1.775517225265503,0.4450041651725769,0.5357142686843872
43635,170,115,0.787665069103241,0.7451711297035217,0.7150000333786011,0.8578956723213196,2.630528688430786,0.15739639103412628,0.0
11995,46,219,0.7868796586990356,0.8275827765464783,0.4124999940395355,0.9331542253494263,2.8262012004852295,0.06674027442932129,0.0
39078,152,166,0.7867550849914551,0.9679821729660034,1.0,0.274395227432251,1.1134275197982788,0.7450955510139465,0.0
44134,172,102,0.7865806818008423,0.7765151262283325,0.6975000500679016,0.8150667548179626,2.5191738605499268,0.20106060802936554,0.0
22557,88,29,0.7864624857902527,0.8179425597190857,0.42250001430511475,0.9421170353889465,2.849504232406616,0.0611049085855484,0.0
48967,191,71,0.7853631973266602,0.8132544159889221,0.7150000333786011,0.7291643619537354,2.2958271503448486,0.27400654554367065,0.0
24658,96,82,0.7850605249404907,0.8224384188652039,0.42250001430511475,0.9297311902046204,2.817301034927368,0.07402990758419037,0.0
34398,134,94,0.7847753763198853,0.7565065622329712,0.690000057220459,0.8470283150672913,2.60227370262146,0.16863955557346344,0.0
44484,173,196,0.784230649471283,0.8633587956428528,0.6975000500679016,0.6775128245353699,2.1615333557128906,0.3291205167770386,0.0714285746216774
29551,115,111,0.7836626172065735,0.7696279287338257,0.7075000405311584,0.8113467693328857,2.5095019340515137,0.21021009981632233,0.0
36202,141,106,0.7827434539794922,0.7833578586578369,0.7150000333786011,0.7914919257164001,2.457879066467285,0.21354857087135315,0.0714285746216774
49725,194,61,0.7808494567871094,0.7957392930984497,0.6250000596046448,0.8116003274917603,2.5101609230041504,0.19750170409679413,0.0
44999,175,199,0.7790912389755249,0.7864673137664795,0.6975000500679016,0.7656393051147461,2.39066219329834,0.24130478501319885,0.0
30829,120,109,0.7788907289505005,0.7726910710334778,0.7150000333786011,0.7840102910995483,2.4384267330169678,0.2393428534269333,0.0
47183,184,79,0.7783436179161072,0.7427703142166138,0.6050000190734863,0.9066564440727234,2.7573068141937256,0.10467873513698578,0.0
40042,156,106,0.7783393859863281,0.7761459350585938,0.6975000500679016,0.7861400842666626,2.4439640045166016,0.2317536324262619,0.0
27163,106,27,0.7771928906440735,0.842040479183197,0.42250001430511475,0.8700702786445618,2.6621830463409424,0.1375582218170166,0.0
27262,106,126,0.7771157026290894,0.8395403027534485,0.6975000500679016,0.6700738668441772,2.1421921253204346,0.3372421860694885,0.0
33904,132,112,0.7759683728218079,0.7599400281906128,0.7150000333786011,0.7954011559486389,2.468043088912964,0.22968529164791107,0.0
41084,160,124,0.7756186723709106,0.7867739200592041,0.7150000333786011,0.7469582557678223,2.3420917987823486,0.273764044046402,0.0
46172,180,92,0.7745963931083679,0.7561984062194824,0.6050000190734863,0.8698777556419373,2.661682367324829,0.14052115380764008,0.0
12058,47,26,0.7739728093147278,0.6968228816986084,0.57750004529953,0.9814294576644897,2.951716661453247,0.019126802682876587,0.0
44166,172,134,0.773822009563446,0.8149011135101318,0.7150000333786011,0.6914235353469849,2.1977009773254395,0.32569485902786255,0.0
35142,137,70,0.7733901739120483,0.7999752163887024,0.4124999940395355,0.9325844645500183,2.8247199058532715,0.073392353951931,0.0
41530,162,58,0.7733703851699829,0.7838488817214966,0.4050000309944153,0.963045597076416,2.903918504714966,0.039513759315013885,0.0
24995,97,163,0.7732164263725281,0.9225715398788452,0.7150000333786011,0.4970431625843048,1.6923121213912964,0.49723947048187256,0.0
42947,167,195,0.7729232907295227,0.8304400444030762,1.0,0.45481663942337036,1.5825234651565552,0.569017767906189,0.0
37977,148,89,0.7724993228912354,0.7081620097160339,0.6175000071525574,0.9323700070381165,2.824162006378174,0.0770532563328743,0.0
50733,198,45,0.7717286348342896,0.7900441288948059,0.4124999940395355,0.9411751627922058,2.847055196762085,0.06154835596680641,0.0
12259,47,227,0.771527886390686,0.7812285423278809,0.4124999940395355,0.954096794128418,2.8806514739990234,0.046777259558439255,0.0
52140,203,172,0.7711407542228699,0.844465434551239,0.4124999940395355,0.8496152758598328,2.608999490737915,0.15548351407051086,0.0
52818,206,82,0.770418643951416,0.8857811093330383,0.6975000500679016,0.5468264222145081,1.8217487335205078,0.42201337218284607,0.0
37976,148,88,0.7703695893287659,0.6997299790382385,0.6175000071525574,0.937966525554657,2.8387129306793213,0.0704326182603836,0.0
22891,89,107,0.769535481929779,0.6728606820106506,0.6950000524520874,0.9218189716339111,2.796729564666748,0.08580078184604645,0.0
41083,160,123,0.7694216370582581,0.7766370177268982,0.7150000333786011,0.7395607233047485,2.3228578567504883,0.2787485122680664,0.0
23905,93,97,0.7693902850151062,0.801712155342102,0.4000000059604645,0.924294650554657,2.803166389465332,0.08197019249200821,0.0
44135,172,103,0.7689453959465027,0.7562529444694519,0.6975000500679016,0.8254240155220032,2.546102523803711,0.18993838131427765,0.1428571492433548
26389,103,21,0.768575131893158,0.8090838193893433,0.42250001430511475,0.8923725485801697,2.7201685905456543,0.11398161947727203,0.0
33661,131,125,0.7676924467086792,0.9523294568061829,1.0,0.20080828666687012,0.922101616859436,0.7663518786430359,0.0
36216,141,120,0.7675405740737915,0.7939940690994263,1.0,0.48587948083877563,1.663286566734314,0.5204156041145325,0.0
63832,249,88,0.7674822807312012,0.6355293989181519,0.70250004529953,0.9674705266952515,2.9154233932495117,0.03401574492454529,0.0
40789,159,85,0.7669400572776794,0.7809720635414124,0.42250001430511475,0.9362397789955139,2.834223508834839,0.07564077526330948,0.0
35444,138,116,0.7664995789527893,0.8050877451896667,0.7150000333786011,0.6873776316642761,2.1871819496154785,0.3418346047401428,0.0
44736,174,192,0.7660712003707886,0.7525786757469177,0.7150000333786011,0.7736244797706604,2.411423921585083,0.256160706281662,0.0
51518,201,62,0.7657638192176819,0.8350846767425537,0.4124999940395355,0.8505303263664246,2.6113789081573486,0.16391918063163757,0.0
12002,46,226,0.7655914425849915,0.7690940499305725,0.4124999940395355,0.9524109959602356,2.8762686252593994,0.048600926995277405,0.0
21905,85,145,0.7655503749847412,0.783107578754425,0.4050000309944153,0.935203492641449,2.831529140472412,0.06714943796396255,0.0
29795,116,99,0.7648935914039612,0.8545103669166565,0.4124999940395355,0.8179197907447815,2.5265917778015137,0.20190951228141785,0.0
25189,98,101,0.7643404603004456,0.8127303123474121,0.4050000309944153,0.8856784701347351,2.7027640342712402,0.12446364760398865,0.0
37512,146,136,0.7640034556388855,0.7944357991218567,0.7150000333786011,0.6974829435348511,2.2134556770324707,0.33460429310798645,0.0
36470,142,118,0.7630946636199951,0.7521077394485474,1.0,0.5417913794517517,1.8086574077606201,0.4691249132156372,0.0
32820,128,52,0.7629323601722717,0.8033872842788696,0.4050000309944153,0.8957123160362244,2.7288522720336914,0.1138492301106453,0.0
45738,178,170,0.7628355026245117,0.8450199365615845,1.0,0.38524335622787476,1.40163254737854,0.6243507862091064,0.0
44687,174,143,0.7623417973518372,0.9162013530731201,0.6975000500679016,0.4921585023403168,1.679612159729004,0.5233855843544006,0.0
43873,171,97,0.7622210383415222,0.8201802372932434,0.6975000500679016,0.7372637987136841,2.3168859481811523,0.27221158146858215,0.30000001192092896
30064,117,112,0.7618616819381714,0.7312166094779968,0.70250004529953,0.7972040772438049,2.472730875015259,0.22233496606349945,0.0
28987,113,59,0.7616828083992004,0.8635297417640686,0.4124999940395355,0.7881338000297546,2.449148178100586,0.2265438735485077,0.0
30872,120,152,0.7605149149894714,0.8833735585212708,0.6975000500679016,0.5495350360870361,1.8287911415100098,0.4829825162887573,0.0
39540,154,116,0.7604737281799316,0.8298246264457703,0.6975000500679016,0.661677896976471,2.1203622817993164,0.35137268900871277,0.11428571492433548
44732,174,188,0.7602734565734863,0.7420156002044678,0.7150000333786011,0.7738115787506104,2.41191029548645,0.2632726728916168,0.0
41037,160,77,0.7601416110992432,0.7588889002799988,0.4000000059604645,0.9600650072097778,2.8961691856384277,0.04377460852265358,0.0
19801,77,89,0.7582796216011047,0.6390443444252014,0.70250004529953,0.9276130199432373,2.811793804168701,0.07402575761079788,0.0
20843,81,107,0.7570853233337402,0.7429038286209106,0.42250001430511475,0.9582184553146362,2.8913679122924805,0.04471774771809578,0.0
25231,98,143,0.7570734620094299,0.7246887683868408,0.6250000596046448,0.8403996825218201,2.5850393772125244,0.1658961921930313,0.0
43203,168,195,0.7569404244422913,0.7704719305038452,1.0,0.49304744601249695,1.6819231510162354,0.5262506008148193,0.0
20314,79,90,0.7568930387496948,0.6288188695907593,0.70250004529953,0.9399223923683167,2.8437981605529785,0.062440913170576096,0.0
33881,132,89,0.7565668821334839,0.6928232908248901,0.7150000333786011,0.827785849571228,2.55224347114563,0.1835862547159195,0.0
30072,117,120,0.7562106251716614,0.7703821063041687,0.7075000405311584,0.7096622586250305,2.245121955871582,0.3141385614871979,0.0
46439,181,103,0.756083607673645,0.7987779378890991,0.4124999940395355,0.8717749118804932,2.6666150093078613,0.13652995228767395,0.0
46188,180,108,0.756005585193634,0.7687329053878784,0.42250001430511475,0.9136514663696289,2.775493860244751,0.09374905377626419,0.0
43385,169,121,0.7547460198402405,0.8366893529891968,0.4124999940395355,0.8058149218559265,2.4951188564300537,0.20641325414180756,0.0
51116,199,172,0.7547160983085632,0.860375165939331,0.4124999940395355,0.7619351744651794,2.3810315132141113,0.24256666004657745,0.0
49502,193,94,0.754425048828125,0.786502480506897,0.4124999940395355,0.8834211826324463,2.696894884109497,0.12007738649845123,0.0
45479,177,167,0.753835916519165,0.8570852875709534,1.0,0.3315550684928894,1.2620433568954468,0.6775932908058167,0.0
42634,166,138,0.7538259625434875,0.8823623657226562,1.0,0.28247907757759094,1.1344456672668457,0.7142307162284851,0.0
63510,248,22,0.7525876760482788,0.7444936633110046,0.4099999964237213,0.9481218457221985,2.865117073059082,0.0547272227704525,0.0
19821,77,109,0.7521317005157471,0.7301997542381287,0.4124999940395355,0.9676133394241333,2.915794610977173,0.03381197527050972,0.0
16683,65,43,0.7521106004714966,0.7357084155082703,0.4000000059604645,0.9691903591156006,2.9198946952819824,0.03507370874285698,0.0
44920,175,120,0.7518614530563354,0.7719051241874695,0.4124999940395355,0.9008550047874451,2.7422232627868652,0.10732321441173553,0.0
32607,127,95,0.7516533136367798,0.7415916323661804,0.7075000405311584,0.739425539970398,2.3225061893463135,0.2819593846797943,0.0
50989,199,45,0.7513772249221802,0.744593620300293,0.4124999940395355,0.9416422843933105,2.8482699394226074,0.06124629080295563,0.0
17505,68,97,0.7513518333435059,0.742266833782196,0.39250001311302185,0.9600158929824829,2.8960413932800293,0.04246776923537254,0.0
48732,190,92,0.7511324882507324,0.7825084924697876,0.42250001430511475,0.871045708656311,2.6647188663482666,0.13347870111465454,0.0
37256,145,136,0.7501872777938843,0.7704257369041443,0.7150000333786011,0.6858992576599121,2.1833384037017822,0.3454146981239319,0.0
31084,121,108,0.7495776414871216,0.727129340171814,0.6950000524520874,0.7672741413116455,2.3949127197265625,0.25802314281463623,0.0
44167,172,135,0.7493004202842712,0.7820634245872498,0.7150000333786011,0.6549730896949768,2.1029300689697266,0.3614990711212158,0.0
48209,188,81,0.7490528225898743,0.7781408429145813,0.39250001311302185,0.8979688286781311,2.7347190380096436,0.11577881872653961,0.0
43078,168,70,0.7482091784477234,0.728117048740387,0.4050000309944153,0.9631713032722473,2.904245376586914,0.040159981697797775,0.0
33397,130,117,0.7479292750358582,0.7893977761268616,0.6850000619888306,0.6631323099136353,2.1241440773010254,0.35917049646377563,0.0
27264,106,128,0.7478945851325989,0.7826990485191345,0.6975000500679016,0.6566123962402344,2.107192277908325,0.3507564067840576,0.0
30587,119,123,0.7474579811096191,0.8058470487594604,0.7075000405311584,0.6177645921707153,2.006188154220581,0.4053661823272705,0.0
42357,165,117,0.7472085356712341,0.7148815393447876,0.7150000333786011,0.7557353973388672,2.3649117946624756,0.25450918078422546,0.0
42394,165,154,0.7469866275787354,1.0,0.987500011920929,0.06907422095537186,0.5795930624008179,0.9253485202789307,0.0
44459,173,171,0.7469627261161804,0.9310778379440308,1.0,0.16925720870494843,0.8400686979293823,0.8155543804168701,0.0
38483,150,83,0.7469074130058289,0.7398403882980347,0.39250001311302185,0.9486073851585388,2.8663792610168457,0.055690959095954895,0.0
40780,159,76,0.7463485598564148,0.7210541367530823,0.4124999940395355,0.9626016616821289,2.902764081954956,0.04092005640268326,0.0
35728,139,144,0.7455110549926758,0.9068012833595276,1.0,0.2190064936876297,0.9694170951843262,0.7922019958496094,0.0
41630,162,158,0.7451631426811218,0.9192019104957581,0.987500011920929,0.2054121047258377,0.9340715408325195,0.8041809797286987,0.0
35204,137,132,0.744314968585968,0.8879607319831848,0.7150000333786011,0.4701429307460785,1.6223714351654053,0.5645634531974792,0.0
42869,167,117,0.7441425919532776,0.6913169622421265,0.7075000405311584,0.7907828092575073,2.4560353755950928,0.22229309380054474,0.0
31054,121,78,0.7435210943222046,0.8634564280509949,0.4124999940395355,0.7204065322875977,2.273056983947754,0.29322049021720886,0.0
24610,96,34,0.7434378862380981,0.7769802212715149,0.3225000202655792,0.9263334274291992,2.808467149734497,0.07908789068460464,0.0
27023,105,143,0.7431073784828186,0.8521909713745117,0.4050000309944153,0.7412038445472717,2.3271303176879883,0.2688200771808624,0.0
27991,109,87,0.7424823045730591,0.8248968124389648,0.4124999940395355,0.7822761535644531,2.433917999267578,0.23396234214305878,0.0
45156,176,100,0.7424367070198059,0.8084404468536377,0.39250001311302185,0.8227601051330566,2.5391762256622314,0.19061772525310516,0.0
47200,184,96,0.7423438429832458,0.7731059789657593,0.42250001430511475,0.8549917936325073,2.622978687286377,0.15101876854896545,0.0
34399,134,95,0.7419315576553345,0.6690435409545898,0.6775000095367432,0.8450509309768677,2.597132444381714,0.17362745106220245,0.0
19352,75,152,0.7418844103813171,0.7170074582099915,0.38749998807907104,0.9708287715911865,2.924154758453369,0.0317891389131546,0.0
42868,167,116,0.741370439529419,0.6789289712905884,0.7075000405311584,0.8023605942726135,2.486137628555298,0.21287232637405396,0.0
33882,132,90,0.7413318157196045,0.6915324926376343,0.7150000333786011,0.8233749270439148,2.5407750606536865,0.1863233596086502,0.17142857611179352
38351,149,207,0.7411049604415894,0.897206723690033,0.6975000500679016,0.43540993332862854,1.532065749168396,0.5625817179679871,0.0
34400,134,96,0.7409499883651733,0.6532725095748901,0.7150000333786011,0.8415181040763855,2.587947130203247,0.18003197014331818,0.0
63828,249,84,0.7408172488212585,0.5913607478141785,0.6775000095367432,0.9610081911087036,2.8986215591430664,0.04077386483550072,0.0
27775,108,127,0.7407536506652832,0.7811683416366577,0.6975000500679016,0.6342659592628479,2.0490918159484863,0.37589341402053833,0.0
28033,109,129,0.7401754260063171,0.7991065382957458,0.6975000500679016,0.6024180054664612,1.9662867784500122,0.40808454155921936,0.0
23121,90,81,0.7396706342697144,0.7155330181121826,0.39250001311302185,0.9631533026695251,2.90419864654541,0.0426509790122509,0.0
21095,82,103,0.7392346262931824,0.7052603960037231,0.42250001430511475,0.9552781581878662,2.883723258972168,0.048439133912324905,0.0
44170,172,138,0.7391324043273926,0.830962061882019,0.7150000333786011,0.533595860004425,1.7873491048812866,0.47888028621673584,0.0
38273,149,129,0.7383233308792114,0.7526226043701172,0.7075000405311584,0.6716768741607666,2.146359920501709,0.34971997141838074,0.0
34728,135,168,0.7367897033691406,0.9496127963066101,1.0,0.1080184280872345,0.6808477640151978,0.8899884819984436,0.0
32199,125,199,0.7362838983535767,0.9192641377449036,0.6975000500679016,0.39441147446632385,1.4254696369171143,0.6280951499938965,0.0
23392,91,96,0.7360135912895203,0.7115340232849121,0.42250001430511475,0.9332523941993713,2.826456308364868,0.07111326605081558,0.0
39537,154,113,0.7351656556129456,0.7536385655403137,0.6975000500679016,0.6532460451126099,2.0984394550323486,0.34574151039123535,0.0
64344,251,88,0.7348978519439697,0.5748193860054016,0.6775000095367432,0.9664095044136047,2.9126646518707275,0.03493316099047661,0.0
45486,177,174,0.7348012328147888,0.8829671144485474,0.6850000619888306,0.4512886106967926,1.5733503103256226,0.5579238533973694,0.0
30327,118,119,0.7347040176391602,0.7264246344566345,0.6950000524520874,0.7100433707237244,2.246112585067749,0.30928146839141846,0.0
44227,172,195,0.7340890765190125,0.7623218894004822,0.7150000333786011,0.6445000767707825,2.075700044631958,0.3648289442062378,0.05714285746216774
13088,51,32,0.7333250045776367,0.6825588941574097,0.42250001430511475,0.9695941805839539,2.920945167541504,0.03118521347641945,0.0
27737,108,89,0.7329743504524231,0.8100706934928894,0.4124999940395355,0.7694429159164429,2.4005515575408936,0.24260419607162476,0.0
20057,78,89,0.7327426671981812,0.6036611795425415,0.6950000524520874,0.9316203594207764,2.8222129344940186,0.07037656009197235,0.11428571492433548
43870,171,94,0.7322608232498169,0.831378161907196,0.4124999940395355,0.7280599474906921,2.2929558753967285,0.2781769633293152,0.0
20052,78,84,0.7317392826080322,0.7112233638763428,0.42250001430511475,0.9182139039039612,2.78735613822937,0.08664577454328537,0.0
47178,184,74,0.731420636177063,0.7513905167579651,0.38749998807907104,0.8803591728210449,2.688934087753296,0.13232116401195526,0.0
29648,115,208,0.7314019799232483,0.8000687956809998,1.0,0.3374978303909302,1.277494192123413,0.6608577370643616,0.0
20059,78,91,0.7310693264007568,0.5737509727478027,0.6975000500679016,0.9395537376403809,2.8428397178649902,0.06243380531668663,0.0
49046,191,150,0.7303959131240845,0.836505115032196,0.42250001430511475,0.7084804773330688,2.242048978805542,0.3036603331565857,0.0
39792,155,112,0.7299351692199707,0.7843925952911377,0.6975000500679016,0.66656094789505,2.133058547973633,0.3311440348625183,0.2857142984867096
26743,104,119,0.7299209237098694,0.8119279742240906,0.4050000309944153,0.7630090117454529,2.3838231563568115,0.25338488817214966,0.0
41305,161,89,0.7296510934829712,0.7568710446357727,0.4124999940395355,0.8481491208076477,2.6051876544952393,0.16812483966350555,0.0
46158,180,78,0.7280113697052002,0.716829776763916,0.39250001311302185,0.9188711047172546,2.78906512260437,0.08884358406066895,0.0
28277,110,117,0.7278584837913513,0.8066726922988892,0.4000000059604645,0.7683797478675842,2.397787094116211,0.2489984780550003,0.0
34142,133,94,0.7267881035804749,0.6314653754234314,0.7075000405311584,0.8274372816085815,2.5513370037078857,0.18775823712348938,0.0
42885,167,133,0.7267560362815857,0.7595256567001343,0.7150000333786011,0.6101614832878113,1.986419677734375,0.40833255648612976,0.0
48956,191,60,0.7267011404037476,0.7503383159637451,0.39250001311302185,0.8615535497665405,2.6400392055511475,0.15224981307983398,0.0
21613,84,109,0.7265315651893616,0.6898224949836731,0.4000000059604645,0.9512180089950562,2.873167037963867,0.053565021604299545,0.0
42594,166,98,0.726464033126831,0.6939847469329834,0.7150000333786011,0.7145753502845764,2.2578959465026855,0.2971876561641693,0.0
62599,244,135,0.7263467311859131,0.6801891326904297,0.4000000059604645,0.9648480415344238,2.9086050987243652,0.03680085763335228,0.0
19820,77,108,0.7262564301490784,0.6745453476905823,0.4099999964237213,0.9664267897605896,2.9127097129821777,0.03506769239902496,0.0
42629,166,133,0.7260561585426331,0.767254114151001,0.7150000333786011,0.5944336652755737,1.94552743434906,0.42360183596611023,0.0
42818,167,66,0.7252493500709534,0.6825527548789978,0.39250001311302185,0.9627310633659363,2.9031007289886475,0.03951413929462433,0.0
37272,145,152,0.7252097725868225,0.9700354933738708,1.0,0.030958332121372223,0.48049163818359375,0.9668079018592834,0.0
27548,107,156,0.7249751091003418,0.8115040063858032,0.6975000500679016,0.5218234658241272,1.7567410469055176,0.482136607170105,0.0
33843,132,51,0.7249636054039001,0.6977983117103577,0.4124999940395355,0.9226425290107727,2.79887056350708,0.0817515179514885,0.0
27824,108,176,0.724795401096344,0.8850403428077698,1.0,0.16339825093746185,0.824835479259491,0.8205366134643555,0.0
40093,156,157,0.7240865230560303,0.8508371114730835,0.987500011920929,0.255405455827713,1.0640541315078735,0.7795920968055725,0.0
48037,187,165,0.7239258289337158,0.8949009776115417,0.70250004529953,0.3637832999229431,1.3458366394042969,0.6195574998855591,0.0
12322,48,34,0.72376948595047,0.6675009727478027,0.4050000309944153,0.9721730947494507,2.927649974822998,0.028444822877645493,0.0
36229,141,133,0.723720908164978,0.7476174235343933,0.6975000500679016,0.641616702079773,2.0682034492492676,0.3946727216243744,0.0
18826,73,138,0.7236206531524658,0.7189744114875793,0.3149999976158142,0.9518747329711914,2.8748743534088135,0.04761839285492897,0.0
19564,76,108,0.7235936522483826,0.6675688028335571,0.4099999964237213,0.9681445360183716,2.9171760082244873,0.03326437622308731,0.0
64345,251,89,0.7234882712364197,0.540340006351471,0.6950000524520874,0.9686868190765381,2.918585777282715,0.032714247703552246,0.0
62544,244,80,0.7229692935943604,0.5639355778694153,0.6775000095367432,0.9393019080162048,2.8421850204467773,0.06011957302689552,0.0
37712,147,80,0.7228252291679382,0.6796846389770508,0.4099999964237213,0.9465252757072449,2.8609659671783447,0.057438939809799194,0.0
29101,113,173,0.7228032946586609,0.9758414030075073,1.0,0.031960975378751755,0.4830985367298126,0.9705944657325745,0.05714285746216774
25190,98,102,0.7226874232292175,0.728277325630188,0.39250001311302185,0.8816858530044556,2.692383289337158,0.12893109023571014,0.0
33116,129,92,0.7221699357032776,0.6452687978744507,0.7150000333786011,0.7799122929573059,2.427772045135498,0.23193663358688354,0.0
22865,89,81,0.7220789790153503,0.6767690181732178,0.39250001311302185,0.962607741355896,2.902780294418335,0.04320010542869568,0.0
45167,176,111,0.721994161605835,0.6985137462615967,0.4124999940395355,0.9136534333229065,2.775498867034912,0.09650304168462753,0.0
14122,55,42,0.7219426035881042,0.6848687529563904,0.38749998807907104,0.9496103525161743,2.8689868450164795,0.05134352296590805,0.0
41329,161,113,0.7219276428222656,0.7962647080421448,0.4124999940395355,0.7543174624443054,2.3612253665924072,0.26273030042648315,0.0
48175,188,47,0.7216854095458984,0.6577168107032776,0.42250001430511475,0.9692688584327698,2.9200990200042725,0.033996205776929855,0.0
51366,200,166,0.7212775945663452,0.80715411901474,0.4000000059604645,0.7380285859107971,2.3188743591308594,0.27003470063209534,0.0
32101,125,101,0.7207151055335999,0.7617807984352112,0.7075000405311584,0.5718343257904053,1.8867692947387695,0.4147093594074249,0.0
41036,160,76,0.7205632925033569,0.6699233651161194,0.4000000059604645,0.9616076350212097,2.900179624557495,0.04196750372648239,0.0
41298,161,82,0.7201740145683289,0.6758509278297424,0.4099999964237213,0.9452582001686096,2.8576714992523193,0.06259915232658386,0.0
30159,117,207,0.7201421856880188,0.7687646150588989,1.0,0.3549079895019531,1.3227607011795044,0.6559391617774963,0.0
30539,119,75,0.7200729846954346,0.8131893873214722,0.4050000309944153,0.7186427712440491,2.2684710025787354,0.2873290479183197,0.0
60494,236,78,0.7198597192764282,0.6881332993507385,0.375,0.944718062877655,2.856266975402832,0.054442934691905975,0.0
20620,80,140,0.7194913625717163,0.6677030920982361,0.4050000309944153,0.9575645923614502,2.8896679878234863,0.045884907245635986,0.0
32354,126,98,0.7194707989692688,0.7166581153869629,0.7150000333786011,0.6476987600326538,2.0840165615081787,0.3583279252052307,0.0
46713,182,121,0.7194163203239441,0.6645308136940002,0.4124999940395355,0.9575231671333313,2.8895602226257324,0.04683569818735123,0.0
47927,187,55,0.7193453907966614,0.6824357509613037,0.39249998331069946,0.9438475370407104,2.854003667831421,0.06341593712568283,0.0
43690,170,170,0.7191314101219177,0.898706316947937,1.0,0.12254174053668976,0.7186084985733032,0.8666095733642578,0.0
30057,117,105,0.7190044522285461,0.761150062084198,0.4099999964237213,0.8061776757240295,2.4960620403289795,0.21502897143363953,0.0
19339,75,139,0.7188174724578857,0.6715595722198486,0.39250001311302185,0.9572001695632935,2.8887205123901367,0.04498912766575813,0.0
41600,162,128,0.7183239459991455,0.8152401447296143,0.39250001311302185,0.7255558371543884,2.286445140838623,0.29400527477264404,0.0
48966,191,70,0.7174618244171143,0.661912202835083,0.7150000333786011,0.7324536442756653,2.304379463195801,0.27528703212738037,0.0
40793,159,89,0.7172865867614746,0.709446370601654,0.4099999964237213,0.8847275376319885,2.700291872024536,0.13421039283275604,0.0
44628,174,84,0.7168819308280945,0.6996902227401733,0.4050000309944153,0.8962128758430481,2.7301535606384277,0.11016105860471725,0.0
46506,181,170,0.7164691686630249,0.8215717673301697,0.6975000500679016,0.4777708649635315,1.6422042846679688,0.5338042378425598,0.0
36212,141,116,0.7163764834403992,0.7283648252487183,0.7075000405311584,0.6284207701683044,2.0338940620422363,0.3886544406414032,0.0
20828,81,92,0.7163403630256653,0.6682115197181702,0.39250001311302185,0.9545308351516724,2.8817803859710693,0.04932325333356857,0.0
15450,60,90,0.7156942486763,0.6563344597816467,0.4124999940395355,0.9558748602867126,2.885274648666382,0.04574152082204819,0.0
47515,185,155,0.7156119346618652,0.8224527835845947,0.4124999940395355,0.6964194178581238,2.210690498352051,0.33708056807518005,0.0
42895,167,143,0.7154364585876465,0.924678385257721,1.0,0.05851534754037857,0.5521398782730103,0.9179375767707825,0.0
39045,152,133,0.7152170538902283,0.79472815990448,0.42250001430511475,0.7324562072753906,2.3043859004974365,0.2987026572227478,0.0
35471,138,143,0.715058445930481,0.8127455115318298,1.0,0.26778075098991394,1.096229910850525,0.7520714402198792,0.0
44960,175,160,0.7150515913963318,0.8697347044944763,0.6950000524520874,0.3992229402065277,1.4379796981811523,0.6215716600418091,0.0
41883,163,155,0.7149279117584229,0.9128196835517883,1.0,0.08872330188751221,0.6306806206703186,0.9099184274673462,0.0
36485,142,133,0.7149255871772766,0.7366911768913269,0.6975000500679016,0.6691529154777527,2.1397979259490967,0.3663686215877533,0.1428571492433548
64086,250,86,0.7147356271743774,0.5318463444709778,0.6775000095367432,0.963431179523468,2.904921293258667,0.038046278059482574,0.0
22892,89,108,0.7146210074424744,0.6734108328819275,0.42250001430511475,0.9192622900009155,2.7900819778442383,0.0881689116358757,0.0
19852,77,140,0.7144066691398621,0.660702645778656,0.39250001311302185,0.9596561193466187,2.8951058387756348,0.04378840699791908,0.0
45661,178,93,0.7136425375938416,0.7219365239143372,0.4050000309944153,0.849861204624176,2.6096394062042236,0.16141468286514282,0.0
25176,98,88,0.7134788632392883,0.7052415609359741,0.4050000309944153,0.8737713098526001,2.6718056201934814,0.1315491944551468,0.0
40092,156,156,0.7134050130844116,0.8505876064300537,0.987500011920929,0.21290715038776398,0.9535586833953857,0.8160547614097595,0.0
31876,124,132,0.7132808566093445,0.9181556105613708,0.6975000500679016,0.32119274139404297,1.2351012229919434,0.681452751159668,0.0714285746216774
42589,166,93,0.713165283203125,0.8338413834571838,0.4124999940395355,0.6378042101860046,2.058290719985962,0.34066587686538696,0.0
64639,252,127,0.7128228545188904,0.6474977135658264,0.4099999964237213,0.9622135162353516,2.9017550945281982,0.04011154547333717,0.0
37720,147,88,0.7126503586769104,0.6568218469619751,0.42250001430511475,0.9400578141212463,2.8441505432128906,0.06817639619112015,0.0
52024,203,56,0.7121999859809875,0.6897501349449158,0.39250001311302185,0.9045168161392212,2.751743793487549,0.10153047740459442,0.0
61774,241,78,0.7121232151985168,0.6691473126411438,0.4000000059604645,0.9280650615692139,2.812969207763672,0.06907229870557785,0.0
28804,112,132,0.711635172367096,0.7544779777526855,0.6975000500679016,0.5698038935661316,1.8814903497695923,0.43837615847587585,0.0
17997,70,77,0.7115957140922546,0.6601901054382324,0.4124999940395355,0.9357448220252991,2.8329367637634277,0.068527951836586,0.0
35469,138,141,0.7115204930305481,0.7557501792907715,1.0,0.3528633713722229,1.317444920539856,0.6727378964424133,0.0
50749,198,61,0.7114304900169373,0.7320070266723633,0.4124999940395355,0.8192829489707947,2.5301356315612793,0.19191092252731323,0.0
44464,173,176,0.7114121317863464,0.9170157313346863,0.6975000500679016,0.2915695607662201,1.1580806970596313,0.7048888206481934,0.0
41300,161,84,0.7111044526100159,0.6688786149024963,0.4000000059604645,0.9328088760375977,2.825303316116333,0.07885308563709259,0.0
33431,130,151,0.7109289169311523,0.8484085202217102,1.0,0.19185498356819153,0.8988230228424072,0.8258499503135681,0.0
59167,231,31,0.709665060043335,0.6670913696289062,0.42250001430511475,0.9100074172019958,2.766019344329834,0.094846211373806,0.0
18767,73,79,0.7094408869743347,0.6754123568534851,0.39250001311302185,0.9174489378929138,2.785367488861084,0.08725664764642715,0.0
40298,157,106,0.709293782711029,0.7493210434913635,0.4050000309944153,0.7924578785896301,2.460390567779541,0.22663718461990356,0.0
20841,81,105,0.7092391848564148,0.6424012780189514,0.4099999964237213,0.9579610228538513,2.8906984329223633,0.04531120881438255,0.0
26647,104,23,0.7090328335762024,0.6772666573524475,0.42250001430511475,0.8924580216407776,2.720390796661377,0.11554722487926483,0.0
14681,57,89,0.7088865637779236,0.6351215243339539,0.42250001430511475,0.9585098624229431,2.8921256065368652,0.04292849451303482,0.0
32635,127,123,0.7087388634681702,0.8457314968109131,0.7150000333786011,0.39109066128730774,1.4168355464935303,0.6118077635765076,0.0
40849,159,145,0.7085942029953003,0.9523760676383972,1.0,0.0,0.4000000059604645,0.9998334646224976,0.0
51512,201,56,0.708204448223114,0.6796716451644897,0.4124999940395355,0.8921278119087219,2.7195322513580322,0.11468725651502609,0.0
22155,86,139,0.7081044316291809,0.6598020195960999,0.375,0.9514390230178833,2.873741388320923,0.05319445952773094,0.0
59982,234,78,0.7077924609184265,0.6471378207206726,0.39250001311302185,0.9560590982437134,2.885753631591797,0.04431081935763359,0.0
36483,142,131,0.7077187299728394,0.6914793848991394,0.7150000333786011,0.6651554107666016,2.129404067993164,0.3751041889190674,0.0
38021,148,133,0.7077005505561829,0.7780205011367798,0.4124999940395355,0.7407000064849854,2.325819730758667,0.2919509708881378,0.0
33886,132,94,0.7074193358421326,0.600216269493103,0.7075000405311584,0.8074221611022949,2.499297618865967,0.20712392032146454,0.0
54189,211,173,0.7074099779129028,0.6498781442642212,0.3824999928474426,0.9588418006896973,2.892988681793213,0.04397455230355263,0.0
30328,118,120,0.7071582674980164,0.6695205569267273,0.7075000405311584,0.6947721242904663,2.2064075469970703,0.3266574442386627,0.0
37465,146,89,0.7071222066879272,0.651750385761261,0.4099999964237213,0.9376790523529053,2.837965488433838,0.07124602049589157,0.0
52023,203,55,0.7066690325737,0.6839803457260132,0.375,0.906218945980072,2.756169319152832,0.0991223007440567,0.0
43077,168,69,0.7064155340194702,0.6404327154159546,0.39250001311302185,0.9636480212211609,2.905484914779663,0.03944603353738785,0.0
21349,83,101,0.7060061693191528,0.6391504406929016,0.4099999964237213,0.9515862464904785,2.874124526977539,0.05201239138841629,0.0
64563,252,51,0.7058415412902832,0.6541178226470947,0.375,0.9509983062744141,2.8725955486297607,0.05087480694055557,0.0
19860,77,148,0.7049477696418762,0.6330550909042358,0.4050000309944153,0.9607906937599182,2.8980555534362793,0.04147949814796448,0.0
32102,125,102,0.7049146890640259,0.7333195805549622,0.7075000405311584,0.5586737990379333,1.8525519371032715,0.42413318157196045,0.0
51768,202,56,0.7048100233078003,0.6719988584518433,0.4050000309944153,0.8976433873176575,2.733872890472412,0.1087111160159111,0.0
39242,153,74,0.7047175765037537,0.6303677558898926,0.4099999964237213,0.9615535140037537,2.9000391960144043,0.042228709906339645,0.0
33432,130,152,0.7045887112617493,0.8512405753135681,1.0,0.16174596548080444,0.8205393552780151,0.8525269031524658,0.0
47931,187,59,0.7044784426689148,0.6681578159332275,0.4124999940395355,0.8987160325050354,2.736661911010742,0.11025648564100266,0.0
45916,179,92,0.704427182674408,0.6908901929855347,0.4050000309944153,0.8677155375480652,2.6560604572296143,0.14399497210979462,0.0
24480,95,160,0.7042850852012634,0.8325191140174866,0.4050000309944153,0.6254554986953735,2.026184320449829,0.3760209083557129,0.0
21101,82,109,0.7042465806007385,0.6357428431510925,0.4000000059604645,0.9580926299095154,2.8910410404205322,0.04539186879992485,0.0
39538,154,114,0.7038528919219971,0.6857990622520447,0.6975000500679016,0.6523004174232483,2.0959811210632324,0.3502180874347687,0.0
23258,90,218,0.7029989361763,0.8103412389755249,0.39250001311302185,0.6630329489707947,2.1238858699798584,0.33145710825920105,0.0
26215,102,103,0.7029408812522888,0.70523601770401,0.4000000059604645,0.8438042998313904,2.593891143798828,0.17114578187465668,0.0
39588,154,164,0.7027460932731628,0.8727250099182129,0.6975000500679016,0.3572157919406891,1.328761100769043,0.682306706905365,0.0
42574,166,78,0.702737033367157,0.6373112201690674,0.4099999964237213,0.9431939125061035,2.852304458618164,0.061575133353471756,0.0
29075,113,147,0.7023972272872925,0.8198214769363403,0.39250001311302185,0.6573405861854553,2.1090855598449707,0.3593549430370331,0.0
14120,55,40,0.7022004723548889,0.6316887736320496,0.4050000309944153,0.9521936178207397,2.8757033348083496,0.04881810024380684,0.0
62076,242,124,0.70196133852005,0.6306502819061279,0.4050000309944153,0.9529755115509033,2.8777363300323486,0.04792236536741257,0.0
62541,244,77,0.7017070055007935,0.6383448243141174,0.4099999964237213,0.9339386820793152,2.8282406330108643,0.06413871794939041,0.0
21132,82,140,0.7010859847068787,0.6340314745903015,0.39250001311302185,0.9546999335289001,2.8822200298309326,0.04861428961157799,0.0
36977,144,113,0.7004915475845337,0.7931405305862427,0.4124999940395355,0.6794023513793945,2.1664459705352783,0.3363334536552429,0.0
41535,162,63,0.7002635598182678,0.6264429092407227,0.39249998331069946,0.9640831351280212,2.9066162109375,0.038837797939777374,0.0
37464,146,88,0.7001863121986389,0.6337786912918091,0.4099999964237213,0.941533088684082,2.8479859828948975,0.06665393710136414,0.0
42886,167,134,0.6998932361602783,0.7317907214164734,0.7075000405311584,0.561751127243042,1.8605529069900513,0.4554845094680786,0.0
20845,81,109,0.6994649767875671,0.623447835445404,0.4000000059604645,0.9605455994606018,2.89741849899292,0.0423465333878994,0.0
33679,131,143,0.6992287635803223,0.8837264776229858,0.7150000333786011,0.30369099974632263,1.1895965337753296,0.7192740440368652,0.0
21096,82,104,0.6985219120979309,0.6204456686973572,0.4099999964237213,0.9550763368606567,2.8831987380981445,0.04858540743589401,0.0
22930,89,146,0.6974982619285583,0.6339173913002014,0.4124999940395355,0.9279680848121643,2.8127169609069824,0.07747165858745575,0.0
38222,149,78,0.6970123052597046,0.6244814991950989,0.4000000059604645,0.949895441532135,2.8697280883789062,0.05327887088060379,0.0
23396,91,100,0.6967915296554565,0.637361466884613,0.4099999964237213,0.9214079976081848,2.795660972595215,0.08393392711877823,0.0
39585,154,161,0.6966131329536438,0.8575211763381958,0.6975000500679016,0.3652177155017853,1.3495659828186035,0.6839834451675415,0.0
42600,166,104,0.6964749693870544,0.7077094316482544,0.42250001430511475,0.7990126013755798,2.4774327278137207,0.21583864092826843,0.0
19268,75,68,0.6964441537857056,0.6309617757797241,0.4124999940395355,0.9277122020721436,2.812052011489868,0.07542761415243149,0.0
19795,77,83,0.6961293816566467,0.6413782238960266,0.4099999964237213,0.911821722984314,2.7707366943359375,0.09272953122854233,0.0
46714,182,122,0.6961231827735901,0.6130059361457825,0.4124999940395355,0.9572722911834717,2.8889079093933105,0.04734746366739273,0.0
39782,155,102,0.6957152485847473,0.7103931307792664,0.4000000059604645,0.8105958700180054,2.507549524307251,0.208220973610878,0.0
14431,56,95,0.6957126259803772,0.6078787446022034,0.42250001430511475,0.9549717307090759,2.8829264640808105,0.04619607701897621,0.0
18768,73,80,0.6956096887588501,0.6451864242553711,0.39250001311302185,0.9163777232170105,2.7825822830200195,0.08793003112077713,0.0
22640,88,112,0.6954471468925476,0.6279143691062927,0.42250001430511475,0.9234375357627869,2.8009376525878906,0.08284571021795273,0.0
32186,125,186,0.6952609419822693,0.8713716268539429,1.0,0.07958394289016724,0.6069182753562927,0.9093759059906006,0.0
38771,151,115,0.6950237154960632,0.8034049868583679,0.4124999940395355,0.641578733921051,2.0681045055389404,0.3733200132846832,0.0
22125,86,109,0.6949160695075989,0.6218646168708801,0.4099999964237213,0.9406644701957703,2.8457276821136475,0.06535156071186066,0.0
44624,174,80,0.6947005391120911,0.6368550658226013,0.4124999940395355,0.911844789981842,2.770796537399292,0.0920373722910881,0.0
11798,46,22,0.6941803097724915,0.5927556157112122,0.4050000309944153,0.9870942831039429,2.9664454460144043,0.01340689416974783,0.0
62345,243,137,0.6938728094100952,0.6038013100624084,0.4000000059604645,0.9718575477600098,2.9268298149108887,0.029737774282693863,0.0
29904,116,208,0.693687915802002,0.7122313976287842,1.0,0.34675535559654236,1.30156409740448,0.6561788320541382,0.0
11805,46,29,0.6936623454093933,0.6043766736984253,0.38749998807907104,0.9786648154258728,2.944528579711914,0.02164580300450325,0.0
65141,254,117,0.6936511397361755,0.6000173091888428,0.4050000309944153,0.9735943078994751,2.9313454627990723,0.027919836342334747,0.0
42133,164,149,0.6933426856994629,0.917190432548523,1.0,0.005058371461927891,0.4131518304347992,1.0,0.0
46491,181,155,0.6926299333572388,0.7934951186180115,0.4099999964237213,0.6594865322113037,2.1146650314331055,0.37054169178009033,0.0
30586,119,122,0.6925560832023621,0.6661676168441772,0.7150000333786011,0.6417155265808105,2.06846022605896,0.381501168012619,0.0
30870,120,150,0.6925049424171448,0.8500407934188843,0.4050000309944153,0.5682008266448975,1.8773219585418701,0.4613164961338043,0.0
34951,136,135,0.6922813057899475,0.8244553208351135,0.6950000524520874,0.39302873611450195,1.421874761581421,0.6325797438621521,0.0
35445,138,117,0.6918660998344421,0.6599453091621399,0.7150000333786011,0.6529272794723511,2.0976107120513916,0.3764033913612366,0.0
62539,244,75,0.6917545795440674,0.6089161038398743,0.42250001430511475,0.9368571043014526,2.8358285427093506,0.06120339781045914,0.0
48964,191,68,0.6915487051010132,0.6068816781044006,0.6950000524520874,0.7466952800750732,2.3414077758789062,0.26767629384994507,0.0
35881,140,41,0.6913183927536011,0.6042794585227966,0.39250001311302185,0.9676175117492676,2.9158055782318115,0.034809794276952744,0.0
46923,183,75,0.6907826662063599,0.6475262641906738,0.39250001311302185,0.8988897800445557,2.7371134757995605,0.1131393238902092,0.0
27263,106,127,0.6903536915779114,0.6511778235435486,0.6975000500679016,0.6625964045524597,2.122750997543335,0.34458619356155396,0.0
25695,100,95,0.6901220679283142,0.6773739457130432,0.375,0.859508752822876,2.6347227096557617,0.15224826335906982,0.0
18527,72,95,0.6897115111351013,0.6077089309692383,0.39250001311302185,0.9567328691482544,2.887505531311035,0.04710298404097557,0.0
21094,82,102,0.6894364356994629,0.5999858975410461,0.4099999964237213,0.95557701587677,2.884500503540039,0.048176106065511703,0.0
24421,95,101,0.6892992258071899,0.6325676441192627,0.4099999964237213,0.9033821225166321,2.748793601989746,0.105080246925354,0.0
57915,226,59,0.6889402270317078,0.5759490132331848,0.42250001430511475,0.9830950498580933,2.956047296524048,0.018054669722914696,0.0
39019,152,107,0.6888891458511353,0.7172896862030029,0.42250001430511475,0.7538408637046814,2.3599860668182373,0.2590140104293823,0.0
22893,89,109,0.6885862946510315,0.6225765943527222,0.4099999964237213,0.9166569113731384,2.783308267593384,0.09048020094633102,0.0
19012,74,68,0.6884242296218872,0.6159337162971497,0.4124999940395355,0.9224578142166138,2.7983906269073486,0.07960575073957443,0.0
51352,200,152,0.6882549524307251,0.6717537045478821,0.3824999928474426,0.8599565029144287,2.6358871459960938,0.15819323062896729,0.0
61565,240,125,0.6880468726158142,0.6138562560081482,0.375,0.9516303539276123,2.874238967895508,0.04922737926244736,0.0
64637,252,125,0.6874974370002747,0.5932276248931885,0.4050000011920929,0.9626670479774475,2.9029340744018555,0.03983351215720177,0.0
45647,178,79,0.687386155128479,0.6539071202278137,0.33250001072883606,0.9165220260620117,2.782957077026367,0.08903127163648605,0.0
51069,199,125,0.68656986951828,0.6115857362747192,0.375,0.9509605765342712,2.87249755859375,0.05172672122716904,0.0
32861,128,93,0.6865373849868774,0.5744209885597229,0.7150000333786011,0.7685047388076782,2.3981122970581055,0.2478175014257431,0.0
42817,167,65,0.6864335536956787,0.6043806672096252,0.375,0.9620550274848938,2.90134334564209,0.03989547863602638,0.0
14384,56,48,0.6863855719566345,0.6519965529441833,0.2849999964237213,0.9495915174484253,2.8689377307891846,0.05309261381626129,0.0
20840,81,104,0.6863699555397034,0.591422975063324,0.4099999964237213,0.9583383798599243,2.8916800022125244,0.045140065252780914,0.0
14941,58,93,0.6862282156944275,0.5892563462257385,0.42250001430511475,0.9506798386573792,2.871767520904541,0.05012501776218414,0.0
37721,147,89,0.6857827305793762,0.600182294845581,0.42250001430511475,0.9354493618011475,2.8321685791015625,0.0736880674958229,0.0
42324,165,84,0.685620903968811,0.6222360730171204,0.4124999940395355,0.9082078337669373,2.761340379714966,0.10580170899629593,0.0
27496,107,104,0.6856189370155334,0.702216386795044,0.4000000059604645,0.7793205976486206,2.4262335300445557,0.22597932815551758,0.0
19539,76,83,0.6855635046958923,0.6131824851036072,0.42250001430511475,0.9101414084434509,2.7663674354553223,0.09390370547771454,0.0
45177,176,121,0.6854130625724792,0.6194269061088562,0.4124999940395355,0.9082170128822327,2.761364221572876,0.09876708686351776,0.0
15451,60,91,0.685405433177948,0.590379536151886,0.4124999940395355,0.9535022974014282,2.879106044769287,0.047904159873723984,0.0
50853,198,165,0.6851927042007446,0.76913982629776,0.4124999940395355,0.6586917042732239,2.112598180770874,0.34975481033325195,0.0
39861,155,181,0.6847213506698608,0.9044602513313293,1.0,0.0,0.4000000059604645,1.0,0.02857142873108387
50812,198,124,0.6846606731414795,0.6025223731994629,0.375,0.9589638710021973,2.893306016921997,0.04366708919405937,0.0
20624,80,144,0.68455970287323,0.5993460416793823,0.39250001311302185,0.9509131908416748,2.8723745346069336,0.05170397460460663,0.0
39628,154,204,0.684127926826477,0.8901919722557068,0.6975000500679016,0.2718130052089691,1.106713891029358,0.7295545935630798,0.11428571492433548
22124,86,108,0.6840620636940002,0.597761869430542,0.4099999964237213,0.9406380653381348,2.845659017562866,0.06538213789463043,0.0
23120,90,80,0.6839525103569031,0.5836862921714783,0.4099999964237213,0.9634717702865601,2.90502667427063,0.042153168469667435,0.0
19354,75,154,0.6837714314460754,0.585989773273468,0.39250001311302185,0.9706186056137085,2.9236085414886475,0.032654765993356705,0.0
50088,195,168,0.6834397315979004,0.8300538659095764,0.4099999964237213,0.5456459522247314,1.8186795711517334,0.4504131078720093,0.0
39630,154,206,0.683426558971405,0.8071438670158386,0.6975000500679016,0.38000941276550293,1.3880245685577393,0.6173574328422546,0.02857142873108387
21093,82,101,0.683350145816803,0.5862476825714111,0.4099999964237213,0.9559481143951416,2.885464906692505,0.04783376678824425,0.0
38792,151,136,0.6833305954933167,0.757538914680481,0.4124999940395355,0.6853019595146179,2.1817851066589355,0.3486540615558624,0.0
14448,56,112,0.6832507252693176,0.5762507319450378,0.39250001311302185,0.9837204217910767,2.9576733112335205,0.01739022508263588,0.0
36501,142,149,0.6831845045089722,0.8865219354629517,1.0,0.006951094139367342,0.4180728793144226,0.977229654788971,0.0
22864,89,80,0.6826155185699463,0.6295605897903442,0.30250000953674316,0.961676299571991,2.9003584384918213,0.043919216841459274,0.0
61782,241,86,0.6826090812683105,0.5769833326339722,0.4099999964237213,0.9677144289016724,2.916057586669922,0.03439439460635185,0.0
44927,175,127,0.6824857592582703,0.6463915109634399,0.375,0.8830146193504333,2.695838212966919,0.12901440262794495,0.0
27750,108,102,0.682393491268158,0.6818103194236755,0.39250001311302185,0.8122601509094238,2.5118765830993652,0.20261543989181519,0.0
19602,76,146,0.6823731660842896,0.5814061760902405,0.4050000309944153,0.963366687297821,2.9047534465789795,0.0390906035900116,0.0
16009,62,137,0.6822580695152283,0.5750149488449097,0.39250001311302185,0.982559323310852,2.9546539783477783,0.019371846690773964,0.0
42558,166,62,0.6822039484977722,0.5875848531723022,0.39250001311302185,0.9610611200332642,2.89875864982605,0.04024374485015869,0.0
42318,165,78,0.6818174719810486,0.6234627366065979,0.33250001072883606,0.9462064504623413,2.8601367473602295,0.058570172637701035,0.0
12664,49,120,0.6817787289619446,0.5704447031021118,0.39250001311302185,0.987612247467041,2.967791795730591,0.012898681685328484,0.0
42554,166,58,0.6814087629318237,0.574769139289856,0.4099999964237213,0.9666526913642883,2.913297176361084,0.034904416650533676,0.0
27801,108,153,0.6809800863265991,0.812642514705658,0.4050000309944153,0.5729849934577942,1.8897608518600464,0.42978131771087646,0.0
27751,108,103,0.6809465885162354,0.6867949962615967,0.39250001311302185,0.7963033318519592,2.470388650894165,0.21445037424564362,0.0
42577,166,81,0.6808924078941345,0.5921908617019653,0.42250001430511475,0.929786205291748,2.817444086074829,0.07778546214103699,0.0
50597,197,165,0.6807364225387573,0.7864070534706116,0.4124999940395355,0.6124051809310913,1.9922535419464111,0.39423611760139465,0.0
62542,244,78,0.6802321076393127,0.5903672575950623,0.4099999964237213,0.9345355033874512,2.8297922611236572,0.0638493224978447,0.0
41402,161,186,0.6800848245620728,0.9093948006629944,1.0,0.0,0.4000000059604645,1.0,0.11428571492433548
44925,175,125,0.6800493001937866,0.6143841743469238,0.42250001430511475,0.8911303877830505,2.7169389724731445,0.11906155943870544,0.0
12054,47,22,0.6800218820571899,0.5749796032905579,0.375,0.9865266680717468,2.9649693965911865,0.01401434000581503,0.0
22890,89,106,0.6799293756484985,0.6068710684776306,0.39250001311302185,0.9240115284919739,2.8024299144744873,0.08362650126218796,0.0
45682,178,114,0.6798487305641174,0.5909995436668396,0.4124999940395355,0.9354769587516785,2.832239866256714,0.07238850742578506,0.0
51511,201,55,0.6797677874565125,0.6197030544281006,0.4000000059604645,0.8954557180404663,2.728184938430786,0.11035533249378204,0.0
62344,243,136,0.6797323822975159,0.5823853611946106,0.3824999928474426,0.9681963324546814,2.9173102378845215,0.033497173339128494,0.0
47928,187,56,0.6797167658805847,0.5922588109970093,0.4099999964237213,0.9347484111785889,2.83034610748291,0.07313016057014465,0.0
36934,144,70,0.6795598864555359,0.5977527499198914,0.375,0.949468731880188,2.868618965148926,0.055767226964235306,0.0
55108,215,68,0.6795160174369812,0.5768010020256042,0.4099999964237213,0.9569043517112732,2.887951374053955,0.04581943154335022,0.0
44450,173,162,0.6786583065986633,0.8350086808204651,0.6850000619888306,0.32972538471221924,1.2572858333587646,0.6910840272903442,0.0
44165,172,133,0.678372859954834,0.7130002975463867,0.42250001430511475,0.7245861887931824,2.283924102783203,0.29285088181495667,0.0
58701,229,77,0.6782971620559692,0.5767096281051636,0.375,0.9779238104820251,2.9426016807556152,0.02382003143429756,0.0
44708,174,164,0.6781918406486511,0.8329039812088013,0.7150000333786011,0.3061251640319824,1.1959255933761597,0.7089993357658386,0.0
49755,194,91,0.6780116558074951,0.6259364485740662,0.42250001430511475,0.8616178035736084,2.6402065753936768,0.14369256794452667,0.0
14942,58,94,0.6772391200065613,0.5688071250915527,0.42250001430511475,0.9516075253486633,2.8741796016693115,0.04944659769535065,0.0
13961,54,137,0.6770766973495483,0.57119220495224,0.375,0.9819089770317078,2.9529635906219482,0.018592333421111107,0.0
21350,83,102,0.6770119071006775,0.5748484134674072,0.4099999964237213,0.9514268636703491,2.8737101554870605,0.05227363854646683,0.0
30285,118,77,0.6767078042030334,0.7134857773780823,0.42250001430511475,0.7117372751235962,2.250516891479492,0.2951284945011139,0.0
36494,142,142,0.6764344573020935,0.7820026278495789,0.7150000333786011,0.38967207074165344,1.4131474494934082,0.6348494291305542,0.0
25691,100,91,0.6760635375976562,0.6516693234443665,0.39250001311302185,0.8339101672172546,2.568166732788086,0.17171244323253632,0.0
19355,75,155,0.6759711503982544,0.5694338083267212,0.39250001311302185,0.9695107340812683,2.9207279682159424,0.034102290868759155,0.0
33117,129,93,0.6755290031433105,0.5463600754737854,0.7150000333786011,0.7730645537376404,2.4099676609039307,0.2406717836856842,0.0
55861,218,53,0.6750441193580627,0.5581824779510498,0.39250001311302185,0.9837914109230042,2.957857608795166,0.01795293390750885,0.0
22381,87,109,0.6746151447296143,0.5810713171958923,0.4099999964237213,0.9337427616119385,2.8277313709259033,0.07277366518974304,0.0
62331,243,123,0.6743061542510986,0.5800666213035583,0.375,0.9573744535446167,2.8891735076904297,0.044058024883270264,0.0
43603,170,83,0.6737136244773865,0.6053174734115601,0.39250001311302185,0.904779851436615,2.752427577972412,0.1050187274813652,0.0
37023,144,159,0.673471212387085,0.9052499532699585,0.6975000500679016,0.18885309994220734,0.8910180926322937,0.8403576612472534,0.0
35633,139,49,0.6734704971313477,0.5724814534187317,0.39250001311302185,0.9557039141654968,2.8848302364349365,0.048870641738176346,0.0
35470,138,142,0.6733596920967102,0.6940305829048157,1.0,0.31334081292152405,1.2146860361099243,0.7103663682937622,0.0
43459,169,195,0.673280656337738,0.6912328600883484,0.7075000405311584,0.5291286110877991,1.775734305381775,0.48513054847717285,0.0
44970,175,170,0.6727681159973145,0.8576375842094421,0.6975000500679016,0.24619607627391815,1.0401098728179932,0.748082160949707,0.0
52875,206,139,0.6724615097045898,0.6189501285552979,0.4099999964237213,0.8560105562210083,2.6256277561187744,0.13858221471309662,0.0
63049,246,73,0.6722837686538696,0.5565281510353088,0.42250001430511475,0.9530369639396667,2.877896308898926,0.04678867384791374,0.0
30339,118,131,0.6713675856590271,0.8384692072868347,0.39250001311302185,0.5077593326568604,1.7201741933822632,0.5024981498718262,0.0
47685,186,69,0.6712811589241028,0.6393605470657349,0.4099999964237213,0.8268380761146545,2.549778938293457,0.18434439599514008,0.0
14217,55,137,0.6705225110054016,0.5910531282424927,0.29750001430511475,0.9819474220275879,2.9530632495880127,0.01856692135334015,0.0
51609,201,153,0.6705159544944763,0.611997127532959,0.4000000059604645,0.8805313110351562,2.6893813610076904,0.13697682321071625,0.0
42575,166,79,0.6703831553459167,0.5680923461914062,0.4099999964237213,0.9390164613723755,2.8414430618286133,0.06626885384321213,0.0
32863,128,95,0.6703189611434937,0.559203565120697,0.7075000405311584,0.7408879399299622,2.3263087272644043,0.2781948745250702,0.0
13090,51,34,0.669207751750946,0.5551437139511108,0.39250001311302185,0.966750979423523,2.9135522842407227,0.03411378338932991,0.0
45184,176,128,0.6691217422485352,0.6127560138702393,0.375,0.8895974159240723,2.712953567504883,0.12246759980916977,0.0
43351,169,87,0.6689383387565613,0.6596230268478394,0.33250001072883606,0.8446016311645508,2.595964193344116,0.17162807285785675,0.0
43207,168,199,0.6687533259391785,0.7830686569213867,0.4000000059604645,0.5867274403572083,1.9254910945892334,0.42689913511276245,0.0
43894,171,118,0.6682191491127014,0.6129332184791565,0.4124999940395355,0.8595108389854431,2.63472843170166,0.15494704246520996,0.0
43888,171,112,0.6681547164916992,0.6002333164215088,0.42250001430511475,0.8723053932189941,2.6679937839508057,0.14084596931934357,0.0
35660,139,76,0.6680664420127869,0.5706091523170471,0.42250001430511475,0.9180570244789124,2.7869482040405273,0.08916326612234116,0.0
19350,75,150,0.6677551865577698,0.552888810634613,0.38749998807907104,0.9695631861686707,2.9208645820617676,0.03261559456586838,0.0
25433,99,89,0.667489230632782,0.6188631653785706,0.39250001311302185,0.8579319715499878,2.6306233406066895,0.14967353641986847,0.0
